<manifest><control namespace="Canvasify" constructor="TaskList" version="0.0.1115" display-name-key="TaskList" description-key="TaskList description" control-type="standard" api-version="1.3.15"><external-service-usage enabled="false" /><property name="Data" display-name-key="Data" description-key="Data" of-type="Object" usage="input" required="true" /><property name="UpdatedData" display-name-key="UpdatedData" description-key="UpdatedData" of-type="Multiple" usage="output" required="true" /><property name="fontSize" display-name-key="Font Size" description-key="Select the font size for the task list" of-type="Enum" usage="input" required="true" default-value="text-base"><value name="Small" display-name-key="Small" description-key="Small font size (text-sm)">text-sm</value><value name="Medium" display-name-key="Medium" description-key="Medium font size (text-base)">text-base</value><value name="Large" display-name-key="Large" description-key="Large font size (text-lg)">text-lg</value><value name="ExtraLarge" display-name-key="Extra Large" description-key="Extra large font size (text-xl)">text-xl</value></property><resources><code path="bundle.js" order="1" /></resources><built-by name="pac" version="1.35.1" /><subscribed-functionalities><subscribed-functionality name="sharedTemplate" value="false" /></subscribed-functionalities></control></manifest>